Name	GK	Long	Lat	Scale	FE	FN	Bound_W	Bound_E	Bound_S	Bound_N	Geod	DescrRU	DescrEN	Tags	Source	Comment
Russia-MGGT		37.5	55.66666666667	1	16.098	14.512	34	41	54	58	MGGT		Moscow coordinate system from MosGorGeoTrest			
Russia-MSK01-Zona1	+	37.98333333333	0	1	1300000	-4511057.628	36	45	43	48	5044		Republic of Adygea MSK-01 Zona 1			
Russia-MSK01-Zona2	+	40.98333333333	0	1	2300000	-4511057.628	36	45	43	48	5044		Republic of Adygea MSK-01 Zona 2			
Russia-MSK02-Zona1	+	55.03333333	0	1	1300000	-5409414.7	50	65	50	58	5043		Republic of Bashkortostan MSK-02 Zona 1			
Russia-MSK02-Zona2	+	58.03333333333	0	1	2300000	-5409414.7	50	65	50	58	5043		Republic of Bashkortostan MSK-02 Zona 2			
Russia-MSK03-Zona1	+	100.03333333333	0	1	1250000	-5211057.63	99	119	47	59	5044		Republic of Buryatia MSK-03 Zona 1			
Russia-MSK03-Zona2	+	103.03333333333	0	1	2250000	-5211057.63	99	119	47	59	5044		Republic of Buryatia MSK-03 Zona 2			
Russia-MSK03-Zona3	+	106.03333333333	0	1	3250000	-5211057.63	99	119	47	59	5044		Republic of Buryatia MSK-03 Zona 3			
Russia-MSK03-Zona4	+	109.03333333333	0	1	4250000	-5211057.63	99	119	47	59	5044		Republic of Buryatia MSK-03 Zona 4			
Russia-MSK03-Zona5	+	112.03333333333	0	1	5250000	-5211057.63	99	119	47	59	5044		Republic of Buryatia MSK-03 Zona 5			
Russia-MSK03-Zona6	+	115.03333333333	0	1	6250000	-5211057.63	99	119	47	59	5044		Republic of Buryatia MSK-03 Zona 6			
Russia-MSK03-Zona7	+	118.03333333333	0	1	7250000	-5211057.63	99	119	47	59	5044		Republic of Buryatia MSK-03 Zona 7			
Russia-MSK04-Zona1	+	85.46666666666	0	1	1300000	-5112900.56	76	93	47	55	5044		Republic of Altai MSK-04 Zona 1			
Russia-MSK04-Zona2	+	88.46666666666	0	1	2300000	-5112900.56	76	93	47	55	5044		Republic of Altai MSK-04 Zona 2			
Russia-MSK05-Zona1	+	46.98333333333	0	1	4300000	-11057.628	44	49	40	46	5044		Republic of Dagestan MSK-05 Zona 1			
Russia-MSK06-Zona1	+	43.98333333333	0	1	1300000	-4311057.63	43	46	42	44	5044		Republic of Ingushetia MSK-06 Zona 1			
Russia-MSK07-Zona1	+	43.98333333333	0	1	1300000	-4311057.63	41	46	42	45	5044		Republic of Kabardino-Balkar MSK-07 Zona 1			
Russia-MSK08-Zona1	+	40.98333333333	0	1	1300000	-4711057.63	39	50	41	50	5044		Republic of Kalmykia MSK-08 Zona 1			
Russia-MSK08-Zona2	+	43.98333333333	0	1	2300000	-4711057.63	39	50	41	50	5044		Republic of Kalmykia MSK-08 Zona 2			
Russia-MSK08-Zona3	+	46.98333333333	0	1	3300000	-4711057.63	39	50	41	50	5044		Republic of Kalmykia MSK-08 Zona 3			
Russia-MSK09-Zona1	+	40.98333333333	0	1	1300000	-4311057.63	37	45	42	45	5044		Republic of Karachay-Cherkessia MSK-09 Zona 1			
Russia-MSK10-Zona1	+	32.03333333333	0	1	1400000	-6511057.63	25	39	59	67	5044		Republic of Karelia MSK-10 Zona 1			
Russia-MSK10-Zona2	+	36.03333333333	0	1	2400000	-6511057.63	25	39	59	67	5044		Republic of Karelia MSK-10 Zona 2			
Russia-MSK11-Zona1	+	41.03333333333	0	1	1400000	-6211057.628	42	73	55	70	5044		Republic of Komi MSK-11 Zona 1			
Russia-MSK11-Zona2	+	44.03333333333	0	1	2400000	-6211057.628	42	73	55	70	5044		Republic of Komi MSK-11 Zona 2			
Russia-MSK11-Zona3	+	47.03333333333	0	1	3400000	-6211057.628	42	73	55	70	5044		Republic of Komi MSK-11 Zona 3			
Russia-MSK11-Zona4	+	50.03333333333	0	1	4400000	-6211057.628	42	73	55	70	5044		Republic of Komi MSK-11 Zona 4			
Russia-MSK11-Zona5	+	53.03333333333	0	1	5400000	-6211057.628	42	73	55	70	5044		Republic of Komi MSK-11 Zona 5			
Russia-MSK11-Zona6	+	56.03333333333	0	1	6400000	-6211057.628	42	73	55	70	5044		Republic of Komi MSK-11 Zona 6			
Russia-MSK11-Zona7	+	59.03333333333	0	1	7400000	-6211057.628	42	73	55	70	5044		Republic of Komi MSK-11 Zona 7			
Russia-MSK11-Zona8	+	62.03333333333	0	1	8400000	-6211057.628	42	73	55	70	5044		Republic of Komi MSK-11 Zona 8			
Russia-MSK11-Zona9	+	65.03333333333	0	1	9400000	-6211057.628	42	73	55	70	5044		Republic of Komi MSK-11 Zona 9			
Russia-MSK12-Zona1	+	47.55	0	1	1250000	-5914743.504	44	52	55	58	5044		Republic of Mari El MSK-12 Zona 1			
Russia-MSK12-Zona2	+	50.55	0	1	2250000	-5914743.504	44	52	55	58	5044		Republic of Mari El MSK-12 Zona 2			
Russia-MSK13-Zona1	+	44.55	0	1	1250000	-5914743.504	40	48	52	56	5044		Republic of Mordovia MSK-13 Zona 1			
Russia-MSK13-Zona2	+	47.55	0	1	2250000	-5914743.504	40	48	52	56	5044		Republic of Mordovia MSK-13 Zona 2			
Russia-MSK14-Zona1	+	108.45	0	1	1400000	-5912900.566	103	167	54	78	5044		Republic of Sakha (Yakutia) MSK-14 Zona 1			
Russia-MSK14-Zona2	+	114.45	0	1	2400000	-5912900.566	103	167	54	78	5044		Republic of Sakha (Yakutia) MSK-14 Zona 2			
Russia-MSK14-Zona3	+	120.45	0	1	3400000	-5912900.566	103	167	54	78	5044		Republic of Sakha (Yakutia) MSK-14 Zona 3			
Russia-MSK14-Zona4	+	126.45	0	1	4400000	-5912900.566	103	167	54	78	5044		Republic of Sakha (Yakutia) MSK-14 Zona 4			
Russia-MSK14-Zona5	+	132.45	0	1	5400000	-5912900.566	103	167	54	78	5044		Republic of Sakha (Yakutia) MSK-14 Zona 5			
Russia-MSK14-Zona6	+	138.45	0	1	6400000	-5912900.566	103	167	54	78	5044		Republic of Sakha (Yakutia) MSK-14 Zona 6			
Russia-MSK14-Zona7	+	144.45	0	1	7400000	-5912900.566	103	167	54	78	5044		Republic of Sakha (Yakutia) MSK-14 Zona 7			
Russia-MSK14-Zona8	+	150.45	0	1	8400000	-5912900.566	103	167	54	78	5044		Republic of Sakha (Yakutia) MSK-14 Zona 8			
Russia-MSK14-Zona9	+	156.45	0	1	9400000	-5912900.566	103	167	54	78	5044		Republic of Sakha (Yakutia) MSK-14 Zona 9			
Russia-MSK15-Zona1	+	43.98333333333	0	1	1300000	-4311057.63	42	46	41	44	5044		Republic of North Ossetia Alania MSK-15 Zona 1			
Russia-MSK16-Zona1	+	49.0333333333333	0	1	1300000	-5709414.7	44	56	53	58	5044		Republic of Tatarstan MSK-16 Zona 1			
Russia-MSK16-Zona2	+	52.033333333333	0	1	2300000	-5709414.7	44	56	53	58	5044		Republic of Tatarstan MSK-16 Zona 2			
Russia-MSK16-Zona3	+	55.033333333333	0	1	3300000	-5709414.7	44	56	53	58	5044		Republic of Tatarstan MSK-16 Zona 3			
Russia-MSK18-Zona1	+	50.55	0	1	1250000	-5914743.504	46	57	53	60	5044		Republic of Udmurtia MSK-18 Zona 1			
Russia-MSK18-Zona2	+	53.55	0	1	2250000	-5914743.504	46	57	53	60	5044		Republic of Udmurtia MSK-18 Zona 2			
Russia-MSK1964	+	30	0	1	95942.17	-6552810	28	32	59	61	1267		Sankt-Petersburg MSK-1964			
Russia-MSK20-Zona1	+	43.98333333333	0	1	1300000	-4311057.63	43	48	41	45	5044		Republic of Chechnya MSK-20 Zona 1			
Russia-MSK20-Zona2	+	46.98333333333	0	1	2300000	-4311057.63	43	48	41	45	5044		Republic of Chechnya MSK-20 Zona 2			
Russia-MSK21-Zona1	+	47.55	0	1	1250000	-5814743.504	45	50	54	57	5044		Republic of Chuvashia MSK-21 Zona 1			
Russia-MSK21-Zona2	+	50.55	0	1	2250000	-5814743.504	45	50	54	57	5044		Republic of Chuvashia MSK-21 Zona 2			
Russia-MSK22-Zona1	+	79.46666666666	0	1	1300000	-5312900.56	71	92	48	59	5044		Altay krai MSK-22 Zona 1			
Russia-MSK22-Zona2	+	82.46666666666	0	1	2300000	-5312900.56	71	92	48	59	5044		Altay krai MSK-22 Zona 2			
Russia-MSK22-Zona3	+	85.46666666666	0	1	3300000	-5312900.56	71	92	48	59	5044		Altay krai MSK-22 Zona 3			
Russia-MSK23-Zona1	+	37.98333333333	0	1	1300000	-4511057.628	37	45	42	48	5044		Krasnodar krai MSK-23 Zona 1			
Russia-MSK23-Zona2	+	40.98333333333	0	1	2300000	-4511057.628	37	45	42	48	5044		Krasnodar krai MSK-23 Zona 2			
Russia-MSK24-Zona1	+	81.51666666666	0	1	1500000	-5416586.442	67	129	43	83	5044		Krasnoyarsk krai MSK-24 Zona 1			
Russia-MSK24-Zona2	+	87.51666666666	0	1	2500000	-5416586.442	67	129	43	83	5044		Krasnoyarsk krai MSK-24 Zona 2			
Russia-MSK24-Zona3	+	93.51666666666	0	1	3500000	-5416586.442	67	129	43	83	5044		Krasnoyarsk krai MSK-24 Zona 3			
Russia-MSK24-Zona4	+	99.51666666666	0	1	4500000	-5416586.442	67	129	43	83	5044		Krasnoyarsk krai MSK-24 Zona 4			
Russia-MSK24-Zona5	+	105.51666666666	0	1	5500000	-5416586.442	67	129	43	83	5044		Krasnoyarsk krai MSK-24 Zona 5			
Russia-MSK24-Zona6	+	111.51666666666	0	1	6500000	-5416586.442	67	129	43	83	5044		Krasnoyarsk krai MSK-24 Zona 6			
Russia-MSK25-Zona1	+	130.71666666666	0	1	1300000	-4416586.44	127	146	41	53	5044		Primorsky krai MSK-25 Zona 1			
Russia-MSK25-Zona2	+	133.71666666666	0	1	2300000	-4416586.44	127	146	41	53	5044		Primorsky krai MSK-25 Zona 2			
Russia-MSK25-Zona3	+	136.71666666666	0	1	3300000	-4416586.44	127	146	41	53	5044		Primorsky krai MSK-25 Zona 3			
Russia-MSK25-Zona4	+	139.71666666666	0	1	4300000	-4416586.44	127	146	41	53	5044		Primorsky krai MSK-25 Zona 4			
Russia-MSK26-Zona1	+	40.98333333333	0	1	1300000	-4511057.63	39	47	43	47	5044		Stavropol krai MSK-26 Zona 1			
Russia-MSK26-Zona2	+	43.98333333333	0	1	2300000	-4511057.63	39	47	43	47	5044		Stavropol krai MSK-26 Zona 2			
Russia-MSK27-Zona1	+	130.71666666666	0	1	1300000	-4916586.44	128	152	44	65	5044		Khabarovsk krai MSK-27 Zona 1			
Russia-MSK27-Zona2	+	133.71666666666	0	1	2300000	-4916586.44	128	152	44	65	5044		Khabarovsk krai MSK-27 Zona 2			
Russia-MSK27-Zona3	+	136.71666666666	0	1	3300000	-4916586.44	128	152	44	65	5044		Khabarovsk krai MSK-27 Zona 3			
Russia-MSK27-Zona4	+	139.71666666666	0	1	4300000	-4916586.44	128	152	44	65	5044		Khabarovsk krai MSK-27 Zona 4			
Russia-MSK27-Zona5	+	142.71666666666	0	1	5300000	-4916586.44	128	152	44	65	5044		Khabarovsk krai MSK-27 Zona 5			
Russia-MSK27-Zona6	+	145.71666666666	0	1	6300000	-4916586.44	128	152	44	65	5044		Khabarovsk krai MSK-27 Zona 6			
Russia-MSK28-Zona1	+	121.71666666666	0	1	1300000	-5116586.44	107	140	40	59	5044		Amur region MSK-28 Zona 1 			
Russia-MSK28-Zona2	+	124.71666666666	0	1	2300000	-5116586.44	107	140	40	59	5044		Amur region MSK-28 Zona 2 			
Russia-MSK28-Zona3	+	127.71666666666	0	1	3300000	-5116586.44	107	140	40	59	5044		Amur region MSK-28 Zona 3 			
Russia-MSK28-Zona4	+	130.71666666666	0	1	4300000	-5116586.44	107	140	40	59	5044		Amur region MSK-28 Zona 4			
Russia-MSK28-Zona5	+	133.71666666666	0	1	5300000	-5116586.44	107	140	40	59	5044		Amur region MSK-28 Zona 5			
Russia-MSK29-Zona1	+	38.03333333333	0	1	2400000	-6511057.628	33	73	59	83	5044		Arkhangelsk region MSK-29 Zona 1 			
Russia-MSK29-Zona2	+	44.03333333333	0	1	3400000	-6511057.628	33	73	59	83	5044		Arkhangelsk region MSK-29 Zona 2			
Russia-MSK29-Zona3	+	50.03333333333	0	1	4400000	-6511057.628	33	73	59	83	5044		Arkhangelsk region MSK-29 Zona 3			
Russia-MSK29-Zona4	+	56.03333333333	0	1	56.0333333333	-6511057.628	33	73	59	83	5044		Arkhangelsk region MSK-29 Zona 4			
Russia-MSK30-Zona1	+	46.05	0	1	1300000	-4714743.504	42	50	41	50	5044		Astrakhan region MSK-30 Zona 1 			
Russia-MSK30-Zona2	+	49.05	0	1	2300000	-4714743.504	42	50	41	50	5044		Astrakhan region MSK-30 Zona 2			
Russia-MSK31-Zona1	+	35.48333333333	0	1	1250000	-5212900.56	33	41	49	53	5044		Belgorod region MSK-31 Zona 1			
Russia-MSK31-Zona2	+	38.48333333333	0	1	2250000	-5212900.56	33	41	49	53	5044		Belgorod region MSK-31 Zona 2			
Russia-MSK32-Zona1	+	32.48333333333	0	1	1250000	-5412900.56	30	38	51	55	5044		Bryansk region MSK-32 Zona 1 			
Russia-MSK32-Zona2	+	35.48333333333	0	1	2250000	-5412900.56	30	38	51	55	5044		Bryansk region MSK-32 Zona 2 			
Russia-MSK33-Zona1	+	38.55	0	1	1250000	-5814743.504	36	44	53	58	5043		Vladimir region MSK-33 Zona 1 			
Russia-MSK33-Zona2	+	41.55	0	1	2250000	-5814743.504	36	44	53	58	5043		Vladimir region MSK-33 Zona 2 			
Russia-MSK33-Zona3	+	44.55	0	1	3250000	-5814743.504	36	44	53	58	5043		Vladimir region MSK-33 Zona 3			
Russia-MSK34-Zona1	+	43.05	0	1	1300000	-4914743.504	41	48	46	52	5044		Volgograd region MSK-34 Zona 1 			
Russia-MSK34-Zona2	+	46.05	0	1	2300000	-4914743.504	41	48	46	52	5044		Volgograd region MSK-34 Zona 2 			
Russia-MSK35-Zona1	+	35.55	0	1	1250000	-6214743.504	34	48	57	63	5044		Vologda region MSK-35 Zona 1 			
Russia-MSK35-Zona2	+	38.55	0	1	2250000	-6214743.504	34	48	57	63	5044		Vologda region MSK-35 Zona 2 			
Russia-MSK35-Zona3	+	41.55	0	1	3250000	-6214743.504	34	48	57	63	5044		Vologda region MSK-35 Zona 3 			
Russia-MSK35-Zona4	+	44.55	0	1	4250000	-6214743.504	34	48	57	63	5044		Vologda region MSK-35 Zona 4			
Russia-MSK35-Zona5	+	47.55	0	1	5250000	-6214743.504	34	48	57	63	5044		Vologda region MSK-35 Zona 5			
Russia-MSK36-Zona1	+	38.48333333333	0	1	1250000	-5212900.566	38	44	49	53	5044		Voronezh region MSK-36 Zona 1 			
Russia-MSK36-Zona2	+	41.48333333333	0	1	2250000	-5212900.566	38	44	49	53	5044		Voronezh region MSK-36 Zona 2 			
Russia-MSK37-Zona1	+	38.55	0	1	1250000	-6014743.504	39	44	56	59	5044		Ivanovo region MSK-37 Zona 1 			
Russia-MSK37-Zona2	+	41.55	0	1	2250000	-6014743.504	39	44	56	59	5044		Ivanovo region MSK-37 Zona 2 			
Russia-MSK38-Zona1	+	97.03333333333	0	1	1250000	-5411057.63	94	125	48	66	5044		Irkutsk region MSK-38 Zona 1			
Russia-MSK38-Zona2	+	100.03333333333	0	1	2250000	-5411057.63	94	125	48	66	5044		Irkutsk region MSK-38 Zona 2			
Russia-MSK38-Zona3	+	103.03333333333	0	1	3250000	-5411057.63	94	125	48	66	5044		Irkutsk region MSK-38 Zona 3			
Russia-MSK38-Zona4	+	106.03333333333	0	1	4250000	-5411057.63	94	125	48	66	5044		Irkutsk region MSK-38 Zona 4			
Russia-MSK38-Zona5	+	109.03333333333	0	1	5250000	-5411057.63	94	125	48	66	5044		Irkutsk region MSK-38 Zona 5			
Russia-MSK38-Zona6	+	112.03333333333	0	1	6250000	-5411057.63	94	125	48	66	5044		Irkutsk region MSK-38 Zona 6			
Russia-MSK38-Zona7	+	115.03333333333	0	1	7250000	-5411057.63	94	125	48	66	5044		Irkutsk region MSK-38 Zona 7			
Russia-MSK38-Zona8	+	118.03333333333	0	1	8250000	-5411057.63	94	125	48	66	5044		Irkutsk region MSK-38 Zona 8			
Russia-MSK39-Zona1	+	21.45	0	1	1250000	-5711057.628	19	24	53	56	5044		Kaliningrad region MSK-39 Zona 1			
Russia-MSK40-Zona1	+	35.48333333333	0	1	1250000	-5612900.566	33	38	52	56	5044		Kaluga region MSK-40 Zona 1			
Russia-MSK41-Zona1	+	158.46666666667	0	1	1400000	-5316586.442	154	177	50	66	5044		Kamchatka krai MSK-41 Zona 1 (6 gradus zona)			
Russia-MSK41-Zona2	+	164.46666666667	0	1	2400000	-5316586.442	154	177	50	66	5044		Kamchatka krai MSK-41 Zona 2 (6 gradus zona)			
Russia-MSK41-Zona3	+	170.46666666667	0	1	3400000	-5316586.442	154	177	50	66	5044		Kamchatka krai MSK-41 Zona 3 (6 gradus zona)			
Russia-MSK42-Zona1	+	85.46666666666	0	1	1300000	-5512900.56	84	91	52	58	5044		Kemerovo region MSK-42 Zona 1			
Russia-MSK42-Zona2	+	88.46666666666	0	1	2300000	-5512900.56	84	91	52	58	5044		Kemerovo region MSK-42 Zona 2			
Russia-MSK43-Zona1	+	47.55	0	1	1250000	-5914743.504	45	55	55	62	5044		Kirov region MSK-43 Zona 1			
Russia-MSK43-Zona2	+	50.55	0	1	2250000	-5914743.504	45	55	55	62	5044		Kirov region MSK-43 Zona 2			
Russia-MSK43-Zona3	+	53.55	0	1	3250000	-5914743.504	45	55	55	62	5044		Kirov region MSK-43 Zona 3			
Russia-MSK44-Zona1	+	41.55	0	1	1250000	-6114743.504	39	49	56	61	5044		Kostroma region MSK-44 Zona 1			
Russia-MSK44-Zona2	+	44.55	0	1	2250000	-6114743.504	39	49	56	61	5044		Kostroma region MSK-44 Zona 2			
Russia-MSK44-Zona3	+	47.55	0	1	3250000	-6114743.504	39	49	56	61	5044		Kostroma region MSK-44 Zona 3			
Russia-MSK45-Zona1	+	61.03333333333	0	1	1300000	-5709414.7	61	69	53	58	5044		Kurgan region MSK-45 Zona 1			
Russia-MSK45-Zona2	+	64.03333333333	0	1	2300000	-5709414.7	61	69	53	58	5044		Kurgan region MSK-45 Zona 2			
Russia-MSK45-Zona3	+	67.03333333333	0	1	3300000	-5709414.7	61	69	53	58	5044		Kurgan region MSK-45 Zona 3			
Russia-MSK46-Zona1	+	35.48333333333	0	1	1250000	-5312900.566	33	39	50	53	5044		Kursk region MSK-46 Zona 1			
Russia-MSK46-Zona2	+	38.48333333333	0	1	2250000	-5312900.566	33	39	50	53	5044		Kursk region MSK-46 Zona2			
Russia-MSK47-Zona1	+	27.95	0	1	1250000	-6211057.628	27	36	57	63	5043		Leningrad region MSK-47 Zona 1			
Russia-MSK47-Zona2	+	30.95	0	1	2250000	-6211057.628	27	36	57	63	5043		Leningrad region MSK-47 Zona 2			
Russia-MSK47-Zona3	+	33.95	0	1	3250000	-6211057.628	27	36	57	63	5043		Leningrad region MSK-47 Zona 3			
Russia-MSK48-Zona1	+	38.48333333333	0	1	1250000	-5412900.566	37	41	51	55	5044		Lipetsk region MSK-48 Zona 1			
Russia-MSK48-Zona2	+	41.48333333333	0	1	2250000	-5412900.566	37	41	51	55	5044		Lipetsk region MSK-48 Zona 2			
Russia-MSK49-Zona1	+	144.45	0	1	1400000	-6212900.566	143	168	57	67	5044		Magadan region MSK-49 Zona 1 (6 gradus zona)			
Russia-MSK49-Zona2	+	150.45	0	1	2400000	-6212900.566	143	168	57	67	5044		Magadan region MSK-49 Zona 2 (6 gradus zona)			
Russia-MSK49-Zona3	+	156.45	0	1	3400000	-6212900.566	143	168	57	67	5044		Magadan region MSK-49 Zona 3 (6 gradus zona)			
Russia-MSK49-Zona4	+	162.45	0	1	3400000	-6212900.566	143	168	57	67	5044		Magadan region MSK-49 Zona 4 (6 gradus zona)			
Russia-MSK50-Zona1	+	35.48333333333	0	1	1250000	-5712900.566	34	41	53	58	5043		Moscow region MSK-50 Zona 1			
Russia-MSK50-Zona2	+	38.48333333333	0	1	2250000	-5712900.566	34	41	53	58	5043		Moscow region MSK-50 Zona 2			
Russia-MSK51-Zona1	+	32.03333333333	0	1	1400000	-7011057.628	27	45	65	71	5044		Murmansk region MSK-51 Zona 1 (6 gradus zona)			
Russia-MSK51-Zona2	+	38.03333333333	0	1	2400000	-7011057.628	27	45	65	71	5044		Murmansk region MSK-51 Zona 2 (6 gradus zona)			
Russia-MSK52-NN_Town		43.9685206254641	0	1.00000682993	-1130.28243212	-6242503.53211	41	49	54	59	5043		Nizhny Novgorod town System. Variant CPLANELITE			
Russia-MSK52-Zona1	+	41.55	0	1	1250000	-5714743.504	41	49	54	59	5043		Nizhny Novgorod region MSK-52 Zona 1			
Russia-MSK52-Zona2	+	44.55	0	1	2250000	-5714743.504	41	49	54	59	5043		Nizhny Novgorod region MSK-52 Zona 2			
Russia-MSK52-Zona3	+	47.55	0	1	3250000	-5714743.504	41	49	54	59	5043		Nizhny Novgorod region MSK-52 Zona 3			
Russia-MSK53-Zona1	+	29.48333333333	0	1	1250000	-5912900.56	29	37	56	60	5044		Novgorod region MSK-53 Zona 1			
Russia-MSK53-Zona2	+	32.48333333333	0	1	2250000	-5912900.56	29	37	56	60	5044		Novgorod region MSK-53 Zona 2			
Russia-MSK53-Zona3	+	35.48333333333	0	1	3250000	-5912900.56	29	37	56	60	5044		Novgorod region MSK-53 Zona 3			
Russia-MSK54-Zona1	+	74.73333333333	0	1	1250000	-5612900.566	74	86	53	58	5044		Novosibirsk region MSK-54 Zona 1			
Russia-MSK54-Zona2	+	77.73333333333	0	1	2250000	-5612900.566	74	86	53	58	5044		Novosibirsk region MSK-54 Zona 2			
Russia-MSK54-Zona3	+	80.73333333333	0	1	3250000	-5612900.566	74	86	53	58	5044		Novosibirsk region MSK-54 Zona 3			
Russia-MSK54-Zona4	+	83.73333333333	0	1	4250000	-5612900.566	74	86	53	58	5044		Novosibirsk region MSK-54 Zona 4			
Russia-MSK55-Zona1	+	71.73333333333	0	1	1250000	-5612900.563	69	77	53	59	5044		Omsk region MSK-55 Zona 1			
Russia-MSK55-Zona2	+	74.73333333333	0	1	2250000	-5612900.563	69	77	53	59	5044		Omsk region MSK-55 Zona 2			
Russia-MSK56-Zona1	+	52.03333333333	0	1	1300000	-5309414.7	49	63	50	55	5044		Orenburg region MSK-56 Zona 1			
Russia-MSK56-Zona2	+	55.03333333333	0	1	2300000	-5309414.7	49	63	50	55	5044		Orenburg region MSK-56 Zona 2			
Russia-MSK56-Zona3	+	58.03333333333	0	1	3300000	-5309414.7	49	63	50	55	5044		Orenburg region MSK-56 Zona 3			
Russia-MSK56-Zona4	+	61.03333333333	0	1	4300000	-5309414.7	49	63	50	55	5044		Orenburg region MSK-56 Zona 4			
Russia-MSK57-Zona1	+	32.48333333333	0	1	1250000	-12900.566	34	39	51	54	5044		Oryol region MSK-57 Zona 1			
Russia-MSK57-Zona2	+	35.48333333333	0	1	2250000	-12900.566	34	39	51	54	5044		Oryol region MSK-57 Zona 2			
Russia-MSK57-Zona3	+	38.48333333333	0	1	3250000	-12900.566	34	39	51	54	5044		Oryol region MSK-57 Zona 3			
Russia-MSK58-Zona1	+	43.05	0	1	1300000	-5514743.504	41	48	52	55	5044		Penza region MSK-58 Zona 1			
Russia-MSK58-Zona2	+	46.05	0	1	2300000	-5514743.504	41	48	52	55	5044		Penza region MSK-58 Zona 2			
Russia-MSK59-Zona1	+	53.55	0	1	1250000	-5914743.504	51	61	55	62	5044		Perm krai MSK-59 Zona 1			
Russia-MSK59-Zona2	+	56.55	0	1	2250000	-5914743.504	51	61	55	62	5044		Perm krai MSK-59 Zona 2			
Russia-MSK59-Zona3	+	59.55	0	1	3250000	-5914743.504	51	61	55	62	5044		Perm krai MSK-59 Zona 3			
Russia-MSK60-Zona1	+	27.95	0	1	1250000	-5911057.63	26	32	55	60	5044		Pskov region MSK-60 Zona 1 			
Russia-MSK60-Zona2	+	30.95	0	1	2250000	-5911057.63	26	32	55	60	5044		Pskov region MSK-60 Zona 2			
Russia-MSK60-Zona3	+	33.95	0	1	2250000	-5911057.63	26	32	55	60	5044		Pskov region MSK-60 Zona 3			
Russia-MSK61-Zona1	+	37.98333333333	0	1	1300000	-4811057.628	37	45	45	51	5044		Rostov region MSK-61 Zona 1 			
Russia-MSK61-Zona2	+	40.98333333333	0	1	2300000	-4811057.628	37	45	45	51	5044		Rostov region MSK-61 Zona 2 			
Russia-MSK61-Zona3	+	40.98333333333	0	1	3300000	-4811057.628	37	45	45	51	5044		Rostov region MSK-61 Zona 3 			
Russia-MSK62-Zona1	+	38.48333333333	0	1	1250000	-5612900.56	38	44	53	56	5044		Ryazan region MSK-62 Zona 1 			
Russia-MSK62-Zona2	+	41.48333333333	0	1	2250000	-5612900.56	38	44	53	56	5044		Ryazan region MSK-62 Zona 2 			
Russia-MSK62-Zona3	+	44.48333333333	0	1	3250000	-5612900.56	38	44	53	56	5044		Ryazan region MSK-62 Zona 3 			
Russia-MSK63-Zona1	+	49.03333333333	0	1	1300000	-5509414.7	47	53	51	55	5044		Samara region MSK-63 Zona 1 			
Russia-MSK63-Zona2	+	52.03333333333	0	1	2300000	-5509414.7	47	53	51	55	5044		Samara region MSK-63 Zona 2 			
Russia-MSK64-Zona1	+	43.05	0	1	1300000	-5214743.504	41	52	49	54	5044		Saratov region MSK-64 Zona 1 			
Russia-MSK64-Zona2	+	46.05	0	1	2300000	-5214743.504	41	52	49	54	5044		Saratov region MSK-64 Zona 2 			
Russia-MSK64-Zona3	+	49.05	0	1	3300000	-5214743.504	41	52	49	54	5044		Saratov region MSK-64 Zona 3 			
Russia-MSK65-Zona1	+	142.71666666667	0	1	1300000	-4516586.439	136	160	42	55	5044		Sakhalin region MSK-65 Zona 1 			
Russia-MSK66-Zona1	+	60.05	0	1	1500000	-5911057.63	56	68	55	62	5044		Sverdlovsk region MSK-66 Zona 1			
Russia-MSK66-Zona1-6d	+	60.05	0	1	1500000	-5911057.63	56	68	55	62	5044		Sverdlovsk region MSK-66 Zona 1 (6 gradus zona)			
Russia-MSK66-Zona2	+	63.05	0	1	2500000	-5911057.63	56	68	55	62	5044		Sverdlovsk region MSK-66 Zona 2			
Russia-MSK66-Zona2-6d	+	66.05	0	1	2500000	-5911057.63	56	68	55	62	5044		Sverdlovsk region MSK-66 Zona 2 (6 gradus zona)			
Russia-MSK66-Zona3	+	66.05	0	1	3500000	-5911057.63	56	68	55	62	5044		Sverdlovsk region MSK-66 Zona 3			
Russia-MSK67-Zona1	+	32.48333333333	0	1	1250000	-5612900.56	30	36	53	57	5044		Smolensk region MSK-67 Zona 1 			
Russia-MSK67-Zona2	+	35.48333333333	0	1	2250000	-5612900.56	30	36	53	57	5044		Smolensk region MSK-67 Zona 2			
Russia-MSK67-Zona3	+	38.48333333333	0	1	3250000	-5612900.56	30	36	53	57	5044		Smolensk region MSK-67 Zona 3			
Russia-MSK68-Zona1	+	41.48333333333	0	1	1250000	-5412900.56	39	44	51	54	5044		Tambov region MSK-68 Zona 1 			
Russia-MSK68-Zona2	+	44.48333333333	0	1	2250000	-5412900.56	39	44	51	54	5044		Tambov region MSK-68 Zona 2			
Russia-MSK68-Zona3	+	47.48333333333	0	1	3250000	-5412900.56	39	44	51	54	5044		Tambov region MSK-68 Zona 3			
Russia-MSK69-Zona1	+	32.48333333333	0	1	1250000	-6012900.566	30	39	55	59	5044		Tver region MSK-69 Zona 1 			
Russia-MSK69-Zona2	+	35.48333333333	0	1	2250000	-6012900.566	30	39	55	59	5044		Tver region MSK-69 Zona 2			
Russia-MSK69-Zona3	+	38.48333333333	0	1	3250000	-6012900.566	30	39	55	59	5044		Tver region MSK-69 Zona 3			
Russia-MSK70-Zona1	+	74.73333333333	0	1	1250000	-5912900.566	73	91	55	62	5044		Tomsk region MSK-70 Zona 1 			
Russia-MSK70-Zona2	+	77.73333333333	0	1	2250000	-5912900.566	73	91	55	62	5044		Tomsk region MSK-70 Zona 2			
Russia-MSK70-Zona3	+	80.73333333333	0	1	3250000	-5912900.566	73	91	55	62	5044		Tomsk region MSK-70 Zona 3			
Russia-MSK70-Zona4	+	83.73333333333	0	1	4250000	-5912900.566	73	91	55	62	5044		Tomsk region MSK-70 Zona 4			
Russia-MSK70-Zona5	+	86.73333333333	0	1	5250000	-5912900.566	73	91	55	62	5044		Tomsk region MSK-70 Zona 5			
Russia-MSK70-Zona6	+	89.73333333333	0	1	6250000	-5912900.566	73	91	55	62	5044		Tomsk region MSK-70 Zona 6			
Russia-MSK71-Zona1	+	35.48333333333	0	1	1250000	-5612900.563	35	40	52	56	5044		Tula region MSK-71 Zona 1 			
Russia-MSK71-Zona2	+	38.48333333333	0	1	2250000	-5612900.563	35	40	52	56	5044		Tula region MSK-71 Zona 2 			
Russia-MSK72-Zona1-1.5G	+	66.08333333	0	1	1500000	-6000000	64	77	54	61	5044		Tyumen region MSK-72 Zona 1 (1.5 gradus zona)			
Russia-MSK72-Zona1-3G	+	63.05	0	1	1500000	-5811057.63	64	77	54	61	5044		Tyumen region MSK-72 Zona 1 (3 gradus zona)			
Russia-MSK72-Zona1-6G	+	63.05	0	1	1500000	-5811057.63	64	77	54	61	5044		Tyumen region MSK-72 Zona 1 (6 gradus zona)			
Russia-MSK72-Zona2-1.5G	+	67.58333333	0	1	2500000	-6000000	64	77	54	61	5044		Tyumen region MSK-72 Zona 2 (1.5 gradus zona)			
Russia-MSK72-Zona2-3G	+	66.05	0	1	2500000	-5811057.63	64	77	54	61	5044		Tyumen region MSK-72 Zona 2 (3 gradus zona)			
Russia-MSK72-Zona2-6G	+	69.05	0	1	2500000	-5811057.63	64	77	54	61	5044		Tyumen region MSK-72 Zona 2 (6 gradus zona)			
Russia-MSK72-Zona3-1.5G	+	69.08333333	0	1	3500000	-6000000	64	77	54	61	5044		Tyumen region MSK-72 Zona 3 (1.5 gradus zona)			
Russia-MSK72-Zona3-3G	+	69.05	0	1	3500000	-5811057.63	64	77	54	61	5044		Tyumen region MSK-72 Zona 3 (3 gradus zona)			
Russia-MSK72-Zona3-6G	+	75.05	0	1	3500000	-5811057.63	64	77	54	61	5044		Tyumen region MSK-72 Zona 3 (6 gradus zona)			
Russia-MSK72-Zona4-1.5G	+	70.58333333	0	1	4500000	-6000000	64	77	54	61	5044		Tyumen region MSK-72 Zona 4 (1.5 gradus zona)			
Russia-MSK72-Zona4-3G	+	72.05	0	1	4500000	-5811057.63	64	77	54	61	5044		Tyumen region MSK-72 Zona 4 (3 gradus zona)			
Russia-MSK72-Zona5-1.5G	+	72.08333333	0	1	5500000	-6000000	64	77	54	61	5044		Tyumen region MSK-72 Zona 5 (1.5 gradus zona)			
Russia-MSK72-Zona5-3G	+	75.05	0	1	5500000	-5811057.63	64	77	54	61	5044		Tyumen region MSK-72 Zona 5 (3 gradus zona)			
Russia-MSK72-Zona6-1.5G	+	73.58333333	0	1	6500000	-6000000	64	77	54	61	5044		Tyumen region MSK-72 Zona 6 (1.5 gradus zona)			
Russia-MSK73-Zona1	+	46.05	0	1	1300000	-5514743.504	42	51	52	56	5044		Ulyanovsk region MSK-73 Zona 1			
Russia-MSK73-Zona2	+	49.05	0	1	2300000	-5514743.504	42	51	52	56	5044		Ulyanovsk region MSK-73 Zona 2			
Russia-MSK74-Zona1	+	58.03333333333	0	1	1300000	-5509414.7	56	64	51	57	5044		Chelyabinsk region MSK-74 Zona 1			
Russia-MSK74-Zona2	+	61.03333333333	0	1	2300000	-5509414.7	56	64	51	57	5044		Chelyabinsk region MSK-74 Zona 2			
Russia-MSK74-Zona3	+	64.03333333333	0	1	3300000	-5509414.7	56	64	51	57	5044		Chelyabinsk region MSK-74 Zona 3			
Russia-MSK75-Zona1	+	109.03333333333	0	1	1250000	-5111057.628	105	124	48	60	5044		Trans-Baikal Krai MSK-75 Zona 1			
Russia-MSK75-Zona2	+	112.03333333333	0	1	2250000	-5111057.628	105	124	48	60	5044		Trans-Baikal Krai MSK-75 Zona 2			
Russia-MSK75-Zona3	+	115.03333333333	0	1	3250000	-5111057.628	105	124	48	60	5044		Trans-Baikal Krai MSK-75 Zona 3			
Russia-MSK75-Zona4	+	118.03333333333	0	1	4250000	-5111057.628	105	124	48	60	5044		Trans-Baikal Krai MSK-75 Zona 4			
Russia-MSK75-Zona5	+	121.03333333333	0	1	5250000	-5111057.628	105	124	48	60	5044		Trans-Baikal Krai MSK-75 Zona 5			
Russia-MSK76-Zona1	+	38.55	0	1	1250000	-6014743.504	37	42	56	59	5044		Yaroslavl region MSK-76 Zona 1			
Russia-MSK76-Zona2	+	41.55	0	1	2250000	-6014743.504	37	42	56	59	5044		Yaroslavl region MSK-76 Zona 2			
Russia-MSK83-Zona3	+	44.03333333333	0	1	3400000	-6511057.628	41	90	61	75	5044		Nenets autonomous okrug MSK-83 Zona 3 (6 gradus zona)			
Russia-MSK83-Zona4	+	50.03333333333	0	1	4400000	-6511057.628	41	90	61	75	5044		Nenets autonomous okrug MSK-83 Zona 4 (6 gradus zona)			
Russia-MSK83-Zona5	+	56.03333333333	0	1	5400000	-6511057.628	41	90	61	75	5044		Nenets autonomous okrug MSK-83 Zona 5 (6 gradus zona)			
Russia-MSK83-Zona6	+	62.03333333333	0	1	6400000	-6511057.628	41	90	61	75	5044		Nenets autonomous okrug MSK-83 Zona 6 (6 gradus zona)			
Russia-MSK83-Zona7	+	68.03333333333	0	1	7400000	-6511057.628	41	90	61	75	5044		Nenets autonomous okrug MSK-83 Zona 7 (6 gradus zona)			
Russia-MSK86-Zona1	+	60.05	0	1	1500000	-5811057.63	56	88	57	67	5044		Khanty-Mansi autonomous okrug - Yugra MSK-86 Zona 1 (6 gradus)			
Russia-MSK86-Zona2	+	66.05	0	1	2500000	-5811057.63	56	88	57	67	5044		Khanty-Mansi autonomous okrug - Yugra MSK-86 Zona 2 (6 gradus)			
Russia-MSK86-Zona3	+	72.05	0	1	3500000	-5811057.63	56	88	57	67	5044		Khanty-Mansi autonomous okrug - Yugra MSK-86 Zona 3 (6 gradus)			
Russia-MSK86-Zona4	+	78.05	0	1	4500000	-5811057.63	56	88	57	67	5044		Khanty-Mansi autonomous okrug - Yugra MSK-86 Zona 4 (6 gradus)			
Russia-MSK86-Zona5	+	84.05	0	1	5500000	-5811057.63	56	88	57	67	5044		Khanty-Mansi autonomous okrug - Yugra MSK-86 Zona 5 (6 gradus)			
Russia-MSK87-Zona3	+	156.45	0	1	3400000	-6212900.566	156	180	61	73	5044		Chukotka autonomous okrug MSK-87 Zona 3 (6 gradus zona)			
Russia-MSK87-Zona4	+	162.45	0	1	4400000	-6212900.566	156	180	61	73	5044		Chukotka autonomous okrug MSK-87 Zona 4 (6 gradus zona)			
Russia-MSK87-Zona5	+	168.45	0	1	5400000	-6212900.566	156	180	61	73	5044		Chukotka autonomous okrug MSK-87 Zona 5 (6 gradus zona)			
Russia-MSK87-Zona6	+	174.45	0	1	6400000	-6212900.566	156	180	61	73	5044		Chukotka autonomous okrug MSK-87 Zona 6 (6 gradus zona)			
Russia-MSK87-Zona7	+	-179.55	0	1	7400000	-6212900.566	-180	-163	56	72	5044		Chukotka autonomous okrug MSK-87 Zona 7 (6 gradus zona)			
Russia-MSK87-Zona8	+	-173.55	0	1	8400000	-6212900.566	-180	-163	56	72	5044		Chukotka autonomous okrug MSK-87 Zona 8 (6 gradus zona)			
Russia-SK63-J6_Zona1	+	158.46666666667	0	1	1400000	-16586.442	150	180	57	72	1267		SK-1963 Zona J1 (CM-158.46) 6 grad			
Russia-SK63-J6_Zona2	+	164.46666666667	0	1	2400000	-16586.442	150	180	57	72	1267		SK-1963 Zona J2 (CM-164.46) 6 grad			
Russia-SK63-J6_Zone3	+	170.46666666667	0	1	3400000	-16586.442	150	180	57	72	1267		SK-1963 Zona J3 (CM-170.46) 6 grad			
Russia-SK63-J6_Zone4	+	176.46666666667	0	1	4400000	-16586.442	150	180	57	72	1267		SK-1963 Zona J4 (CM-176.46) 6 grad			
Russia-SK63-J6_Zone5	+	-177.53333333337	0	1	4400000	-16586.442	150	180	57	72	1267		SK-1963 Zona J5 (CM-182.46) 6 grad			
Russia-SK63-L3_Zona1	+	80.48333333333	0	1	1500000	-16586.442	73	117	48	82	1267		SK-1963 Zona L1 (CM-80.48) 3 grad			
Russia-SK63-L3_Zona2	+	83.48333333333	0	1	2500000	-16586.442	73	117	48	82	1267		SK-1963 Zona L2 (CM-83.48) 3 grad			
Russia-SK63-L3_Zona3	+	86.48333333333	0	1	3500000	-16586.442	73	117	48	82	1267		SK-1963 Zona L3 (CM-86.48) 3 grad			
Russia-SK63-L3_Zona4	+	89.48333333333	0	1	4500000	-16586.442	73	117	48	82	1267		SK-1963 Zona L4 (CM-89.48) 3 grad			
Russia-SK63-L3_Zona5	+	92.48333333333	0	1	5500000	-16586.442	73	117	48	82	1267		SK-1963 Zona L5 (CM-92.48) 3 grad			
Russia-SK63-L6_Zona1	+	81.51666666666	0	1	1500000	-16586.442	73	117	48	82	1267		SK-1963 Zona L1 (CM-81.51) 6 grad			
Russia-SK63-L6_Zona2	+	87.51666666666	0	1	2500000	-16586.442	73	117	48	82	1267		SK-1963 Zona L2 (CM-87.51) 6 grad			
Russia-SK63-L6_Zona3	+	93.51666666666	0	1	3500000	-16586.442	73	117	48	82	1267		SK-1963 Zona L3 (CM-93.51) 6 grad			
Russia-SK63-L6_Zona4	+	99.51666666666	0	1	4500000	-16586.442	73	117	48	82	1267		SK-1963 Zona L4 (CM-99.51) 6 grad			
Russia-SK63-L6_Zona5	+	105.51666666666	0	1	5500000	-16586.442	73	117	48	82	1267		SK-1963 Zona L5 (CM-105.51) 6 grad			
Russia-SK63-L6_Zona6	+	111.51666666666	0	1	6500000	-16586.442	73	117	48	82	1267		SK-1963 Zona L6 (CM-111.51) 6 grad			
Russia-SK63-W3_Zona1	+	60.05	0	1	1500000	-11057.63	55	88	54	77	1267		SK-1963 W3 Zona 1 (CM-60.05)			
Russia-SK63-W3_Zona10	+	87.05	0	1	10500000	-11057.63	55	88	54	77	1267		SK-1963 W3 Zona 10 (CM-87.05)			
Russia-SK63-W3_Zona2	+	63.05	0	1	2500000	-11057.63	55	88	54	77	1267		SK-1963 W3 Zona 2 (CM-63.05)			
Russia-SK63-W3_Zona3	+	66.05	0	1	3500000	-11057.63	55	88	54	77	1267		SK-1963 W3 Zona 3 (CM-66.05)			
Russia-SK63-W3_Zona4	+	69.05	0	1	4500000	-11057.63	55	88	54	77	1267		SK-1963 W3 Zona 4 (CM-69.05)			
Russia-SK63-W3_Zona5	+	72.05	0	1	5500000	-11057.63	55	88	54	77	1267		SK-1963 W3 Zona 5 (CM-72.05)			
Russia-SK63-W3_Zona6	+	75.05	0	1	6500000	-11057.63	55	88	54	77	1267		SK-1963 W3 Zona 6 (CM-75.05)			
Russia-SK63-W3_Zona7	+	78.05	0	1	7500000	-11057.63	55	88	54	77	1267		SK-1963 W3 Zona 7 (CM-78.05)			
Russia-SK63-W3_Zona8	+	81.05	0	1	8500000	-11057.63	55	88	54	77	1267		SK-1963 W3 Zona 8 (CM-81.05)			
Russia-SK63-W3_Zona9	+	84.05	0	1	9500000	-11057.63	55	88	54	77	1267		SK-1963 W3 Zona 9 (CM-84.05)			
Russia-SK63-W6_Zona1	+	60.05	0	1	1500000	-11057.63	55	88	54	77	1267		SK-1963 W6 Zona 1 (CM-60.05)			
Russia-SK63-W6_Zona2	+	66.05	0	1	2500000	-11057.63	55	88	54	77	1267		SK-1963 W6 Zona 2 (CM-66.05)			
Russia-SK63-W6_Zona3	+	72.05	0	1	3500000	-11057.63	55	88	54	77	1267		SK-1963 W6 Zona 3 (CM-72.05)			
Russia-SK63-W6_Zona4	+	78.05	0	1	4500000	-11057.63	55	88	54	77	1267		SK-1963 W6 Zona 4 (CM-78.05)			
Russia-SK63-X3_Zone1	+	23.5	0	1	1300000	-9214.69	24	43	38	52	1267		SK-1963 Zona X1 (CM-23.5)			
Russia-SK63-X3_Zone2	+	26.5	0	1	2300000	-9214.69	24	43	38	52	1267		SK-1963 Zona X2 (CM-26.5)			
Russia-SK63-X3_Zone3	+	29.5	0	1	3300000	-9214.69	24	43	38	52	1267		SK-1963 Zona X3 (CM-29.5)			
Russia-SK63-X3_Zone4	+	32.5	0	1	4300000	-9214.69	24	43	38	52	1267		SK-1963 Zona X4 (CM-32.5) Republic of Crimea			
Russia-SK63-X3_Zone5	+	35.5	0	1	5300000	-9214.69	24	43	38	52	1267		SK-1963 Zona X5 (CM-35.5) Republic of Crimea			
Russia-SK63-X3_Zone6	+	38.5	0	1	6300000	-9214.69	24	43	38	52	1267		SK-1963 Zona X6 (CM-38.5)			
Russia-SK63-ZonaC1	+	24.95	0	1	1250000	-11057.628	26	43	50	66	1267		SK-1963 Zona C1 (CM-24.95) 3 grad			
Russia-SK63-ZonaC2	+	27.95	0	1	2250000	-11057.628	26	43	50	66	1267		SK-1963 Zona C2 (CM-27.95) 3 grad			
Russia-SK63-ZonaC3	+	30.95	0	1	3250000	-11057.628	26	43	50	66	1267		SK-1963 Zona C3 (CM-30.95) 3 grad			
Russia-SK63-ZonaC4	+	33.95	0	1	4250000	-11057.628	26	43	50	66	1267		SK-1963 Zona C4 (CM-33.95) 3 grad			
Russia-SK63-ZonaC5	+	36.95	0	1	5250000	-11057.628	26	43	50	66	1267		SK-1963 Zona C5 (CM-36.95) 3 grad			
Russia-SK63-ZonaC6	+	39.95	0	1	6250000	-11057.628	26	43	50	66	1267		SK-1963 Zona C6 (CM-39.95) 3 grad			
Russia-SK63-ZonaD1	+	38.55	0	1	1250000	-14743.504	36	64	52	65	1267		SK-1963 Zona D1 (CM-38.55)			
Russia-SK63-ZonaD2	+	41.55	0	1	2250000	-14743.504	36	64	52	65	1267		SK-1963 Zona D2 (CM-41.55)			
Russia-SK63-ZonaD3	+	44.55	0	1	3250000	-14743.504	36	64	52	65	1267		SK-1963 Zona D3 (CM-44.55)			
Russia-SK63-ZonaD4	+	47.55	0	1	4250000	-14743.504	36	64	52	65	1267		SK-1963 Zona D4 (CM-47.55)			
Russia-SK63-ZonaD5	+	50.55	0	1	5250000	-14743.504	36	64	52	65	1267		SK-1963 Zona D5 (CM-50.55)			
Russia-SK63-ZonaD6	+	53.55	0	1	6250000	-14743.504	36	64	52	65	1267		SK-1963 Zona D6 (CM-53.55)			
Russia-SK63-ZonaD7	+	56.55	0	1	7250000	-14743.504	36	64	52	65	1267		SK-1963 Zona D7 (CM-56.55)			
Russia-SK63-ZonaD8	+	59.55	0	1	8250000	-14743.504	36	64	52	65	1267		SK-1963 Zona D8 (CM-59.55)			
Russia-SK63-ZonaE1	+	77.783333333333	0	1	1300000	-14743.504	74	92	46	47	1267		SK-1963 Zona E1 (CM-77.78) 3 grad			
Russia-SK63-ZonaE2	+	80.783333333333	0	1	2300000	-14743.504	74	92	46	47	1267		SK-1963 Zona E2 (CM-80.78) 3 grad			
Russia-SK63-ZonaE3	+	83.783333333333	0	1	3300000	-14743.504	74	92	46	47	1267		SK-1963 Zona E3 (CM-83.78) 3 grad			
Russia-SK63-ZonaE4	+	86.783333333333	0	1	4300000	-14743.504	74	92	46	47	1267		SK-1963 Zona E4 (CM-86.78) 3 grad			
Russia-SK63-ZonaE5	+	89.783333333333	0	1	5300000	-14743.504	74	92	46	47	1267		SK-1963 Zona E5 (CM-89.78) 3 grad			
Russia-SK63-ZonaF1	+	97.033333333333	0	1	1250000	-11057.628	95	124	49	60	1267		SK-1963 Zona F1 (CM-97.03)			
Russia-SK63-ZonaF2	+	100.033333333333	0	1	2250000	-11057.628	95	124	49	60	1267		SK-1963 Zona F2 (CM-100.03)			
Russia-SK63-ZonaF3	+	103.033333333333	0	1	3250000	-11057.628	95	124	49	60	1267		SK-1963 Zona F3 (CM-103.03)			
Russia-SK63-ZonaG1	+	121.71666666667	0	1	1300000	-16586.442	118	149	41	60	1267		SK-1963 Zona G1 (CM-121.71) 3 grad			
Russia-SK63-ZonaG2	+	124.71666666667	0	1	2300000	-16586.442	118	149	41	60	1267		SK-1963 Zona G2 (CM-124.71) 3 grad			
Russia-SK63-ZonaG3	+	127.71666666667	0	1	3300000	-16586.442	118	149	41	60	1267		SK-1963 Zona G3 (CM-127.71) 3 grad			
Russia-SK63-ZonaG4	+	130.71666666667	0	1	4300000	-16586.442	118	149	41	60	1267		SK-1963 Zona G4 (CM-130.71) 3 grad			
Russia-SK63-ZonaG5	+	133.71666666667	0	1	5300000	-16586.442	118	149	41	60	1267		SK-1963 Zona G5 (CM-133.71) 3 grad			
Russia-SK63-ZonaG6	+	136.71666666667	0	1	6300000	-16586.442	118	149	41	60	1267		SK-1963 Zona G6 (CM-136.71) 3 grad			
Russia-SK63-ZonaG7	+	139.71666666667	0	1	7300000	-16586.442	118	149	41	60	1267		SK-1963 Zona G7 (CM-139.71) 3 grad			
Russia-SK63-ZonaG8	+	142.71666666667	0	1	8300000	-16586.442	118	149	41	60	1267		SK-1963 Zona G8 (CM-142.71) 3 grad			
Russia-SK63-ZonaG9	+	145.71666666667	0	1	9300000	-16586.442	118	149	41	60	1267		SK-1963 Zona G9 (CM-145.71) 3 grad			
Russia-SK63-ZonaI1	+	71.73333333333	0	1	1250000	-12900.6	65	86	53	61	1267		SK-1963 Zona I1 (CM-71.73) 3 grad			
Russia-SK63-ZonaI2	+	74.73333333333	0	1	2250000	-12900.6	65	86	53	61	1267		SK-1963 Zona I2 (CM-74.73) 3 grad			
Russia-SK63-ZonaI3	+	77.73333333333	0	1	3250000	-12900.6	65	86	53	61	1267		SK-1963 Zona I3 (CM-77.73) 3 grad			
Russia-SK63-ZonaI4	+	80.73333333333	0	1	4250000	-12900.6	65	86	53	61	1267		SK-1963 Zona I4 (CM-80.73) 3 grad			
Russia-SK63-ZonaI5	+	83.73333333333	0	1	5250000	-12900.6	65	86	53	61	1267		SK-1963 Zona I5 (CM-83.73) 3 grad			
Russia-SK63-ZonaI6	+	86.73333333333	0	1	6250000	-12900.6	65	86	53	61	1267		SK-1963 Zona I6 (CM-86.73) 3 grad			
Russia-SK63-ZonaM1	+	79.466666666677	0	1	1300000	-12900.566	75	92	50	59	1267		SK-1963 Zona M1 (CM-79.46)			
Russia-SK63-ZonaM2	+	82.466666666677	0	1	2300000	-12900.566	75	92	50	59	1267		SK-1963 Zona M2 (CM-82.46)			
Russia-SK63-ZonaM3	+	85.466666666677	0	1	3300000	-12900.566	75	92	50	59	1267		SK-1963 Zona M3 (CM-85.46)			
Russia-SK63-ZonaM4	+	88.466666666677	0	1	4300000	-12900.566	75	92	50	59	1267		SK-1963 Zona M4 (CM-88.46)			
Russia-SK63-ZonaP1	+	32.4833333333333	0	1	1250000	-12900.566	29	45	48	59	1267		SK-1963 Zona P1 (CM-32.48) 3 grad			
Russia-SK63-ZonaP2	+	35.4833333333333	0	1	2250000	-12900.566	29	45	48	59	1267		SK-1963 Zona P2 (CM-35.48) 3 grad			
Russia-SK63-ZonaP3	+	38.4833333333333	0	1	3250000	-12900.566	29	45	48	59	1267		SK-1963 Zona P3 (CM-38.48) 3 grad			
Russia-SK63-ZonaP4	+	41.4833333333333	0	1	4250000	-12900.566	29	45	48	59	1267		SK-1963 Zona P4 (CM-41.48) 3 grad			
Russia-SK63-ZonaQ1	+	60.0333333333333	0	1	1400000	-11057.628	27	73	60	83	1267		SK-1963 Zona Q1 (CM-60.03) 6 grad			
Russia-SK63-ZonaQ2	+	66.0333333333333	0	1	2400000	-11057.628	27	73	60	83	1267		SK-1963 Zona Q2 (CM-66.03) 6 grad			
Russia-SK63-ZonaQ3	+	72.0333333333333	0	1	3400000	-11057.628	27	73	60	83	1267		SK-1963 Zona Q3 (CM-72.03) 6 grad			
Russia-SK63-ZonaQ4	+	78.0333333333333	0	1	4400000	-11057.628	27	73	60	83	1267		SK-1963 Zona Q4 (CM-78.03) 6 grad			
Russia-SK63-ZonaQ5	+	84.0333333333333	0	1	5400000	-11057.628	27	73	60	83	1267		SK-1963 Zona Q5 (CM-84.03) 6 grad			
Russia-SK63-ZonaR1	+	43.05	0	1	1300000	-14743.504	38	52	44	57	1267		SK-1963 Zona R1 (CM-43.05) 3 grad			
Russia-SK63-ZonaR2	+	46.05	0	1	2300000	-14743.504	38	52	44	57	1267		SK-1963 Zona R2 (CM-46.05) 3 grad			
Russia-SK63-ZonaR3	+	49.05	0	1	3300000	-14743.504	38	52	44	57	1267		SK-1963 Zona R3 (CM-49.05) 3 grad			
Russia-SK63-ZonaS1	+	108.45	0	1	1400000	-12900.566	101	135	57	82	1267		SK-1963 Zona S1 (CM-108.45) 6 grad			
Russia-SK63-ZonaS10	+	162.45	0	1	10400000	-12900.566	125	180	57	85	1267		SK-1963 Zona S10 (CM-162.45) 6 grad			
Russia-SK63-ZonaS11	+	168.45	0	1	11400000	-12900.566	125	180	57	85	1267		SK-1963 Zona S11 (CM-168.45) 6 grad			
Russia-SK63-ZonaS12	+	174.45	0	1	12400000	-12900.566	125	180	57	85	1267		SK-1963 Zona S12 (CM-174.45) 6 grad			
Russia-SK63-ZonaS13	+	-179.55	0	1	13400000	-12900.566	125	180	57	85	1267		SK-1963 Zona S13 (CM-180.45) 6 grad			
Russia-SK63-ZonaS2	+	114.45	0	1	2400000	-12900.566	101	135	57	82	1267		SK-1963 Zona S2 (CM-114.45) 6 grad			
Russia-SK63-ZonaS3	+	120.45	0	1	3400000	-12900.566	101	135	57	82	1267		SK-1963 Zona S3 (CM-120.45) 6 grad			
Russia-SK63-ZonaS4	+	126.45	0	1	4400000	-12900.566	101	135	57	82	1267		SK-1963 Zona S4 (CM-126.45) 6 grad			
Russia-SK63-ZonaS5	+	132.45	0	1	5400000	-12900.566	125	180	57	85	1267		SK-1963 Zona S5 (CM-132.45) 6 grad			
Russia-SK63-ZonaS6	+	138.45	0	1	6400000	-12900.566	101	180	57	85	1267		SK-1963 Zona S6 (CM-138.45) 6 grad			
Russia-SK63-ZonaS7	+	144.45	0	1	7400000	-12900.566	125	180	57	85	1267		SK-1963 Zona S7 (CM-144.45) 6 grad			
Russia-SK63-ZonaS8	+	150.45	0	1	8400000	-12900.566	125	180	57	85	1267		SK-1963 Zona S8 (CM-150.45) 6 grad			
Russia-SK63-ZonaS9	+	156.45	0	1	9400000	-12900.566	125	180	57	85	1267		SK-1963 Zona S9 (CM-156.45)			
Russia-SK63-ZonaT1	+	37.98333333333	0	1	1300000	-11057.628	35	50	40	51	1267		SK-1963 Zona T1 (CM-37.98)			
Russia-SK63-ZonaT2	+	40.98333333333	0	1	2300000	-11057.628	35	50	40	51	1267		SK-1963 Zona T2 (CM-40.98)			
Russia-SK63-ZonaT3	+	43.98333333333	0	1	3300000	-11057.628	35	50	40	51	1267		SK-1963 Zona T3 (CM-43.98)			
Russia-SK63-ZonaT4	+	46.98333333333	0	1	4300000	-11057.628	35	50	40	51	1267		SK-1963 Zona T4 (CM-46.98)			
Russia-SK63-ZonaU1	+	53.5166666666667	0	1	1300000	-14743.504	49	84	28	49	1267		SK-1963 Zona U1 (CM-53.516) 3 grad			
Russia-SK63-ZonaU10	+	80.5166666666667	0	1	10300000	-14743.504	49	84	28	49	1267		SK-1963 Zona U10 (CM-80.516) 3 grad			
Russia-SK63-ZonaU11	+	83.5166666666667	0	1	11300000	-14743.504	49	84	28	49	1267		SK-1963 Zona U11 (CM-83.516) 3 grad			
Russia-SK63-ZonaU2	+	56.5166666666667	0	1	2300000	-14743.504	49	84	28	49	1267		SK-1963 Zona U2 (CM-56.516) 3 grad			
Russia-SK63-ZonaU3	+	59.5166666666667	0	1	3300000	-14743.504	49	84	28	49	1267		SK-1963 Zona U3 (CM-59.516) 3 grad			
Russia-SK63-ZonaU4	+	62.5166666666667	0	1	4300000	-14743.504	49	84	28	49	1267		SK-1963 Zona U4 (CM-62.516) 3 grad			
Russia-SK63-ZonaU5	+	65.5166666666667	0	1	5300000	-14743.504	49	84	28	49	1267		SK-1963 Zona U5 (CM-65.516) 3 grad			
Russia-SK63-ZonaU6	+	68.5166666666667	0	1	6300000	-14743.504	49	84	28	49	1267		SK-1963 Zona U6 (CM-68.516) 3 grad			
Russia-SK63-ZonaU7	+	71.5166666666667	0	1	7300000	-14743.504	49	84	28	49	1267		SK-1963 Zona U7 (CM-71.516) 3 grad			
Russia-SK63-ZonaU8	+	74.5166666666667	0	1	8300000	-14743.504	49	84	28	49	1267		SK-1963 Zona U8 (CM-74.516) 3 grad			
Russia-SK63-ZonaU9	+	77.5166666666667	0	1	9300000	-14743.504	49	84	28	49	1267		SK-1963 Zona U9 (CM-77.516) 3 grad			
Russia-SK63-ZonaV1	+	49.0333333333333	0	1	1300000	-9414.7	46	72	49	57	1267		SK-1963 Zona V1 (CM-49.03)			
Russia-SK63-ZonaV2	+	52.0333333333333	0	1	2300000	-9414.7	46	72	49	57	1267		SK-1963 Zona V2 (CM-52.03)			
Russia-SK63-ZonaV3	+	55.0333333333333	0	1	3300000	-9414.7	46	72	49	57	1267		SK-1963 Zona V3 (CM-55.03)			
Russia-SK63-ZonaV4	+	58.0333333333333	0	1	4300000	-9414.7	46	72	49	57	1267		SK-1963 Zona V4 (CM-58.03)			
Russia-SK63-ZonaV5	+	61.0333333333333	0	1	5300000	-9414.7	46	72	49	57	1267		SK-1963 Zona V5 (CM-61.03)			
Russia-SK63-ZonaV6	+	64.0333333333333	0	1	6300000	-9414.7	46	72	49	57	1267		SK-1963 Zona V6 (CM-64.03)			
Russia-Tomsk-town	+	85	0	1	4250000	-5912900.566	73	91	55	62	5044		Tomsk town system			
Russia-Town_EKB_1		60.58451389	0	1.00003671511	40255.471	-6261675.288	56	68	55	62	5044		System of Ekaterinburg			
Russia-Town_Perm		56.11612948	0	0.999998846	-7081.064	-6433172.3851	51	61	55	62	5044		Town coordinate system Perm. Official info from administration			
Ukraine-SK63-X_Zona1		23.5	0.0833333333333333	1	1300000	0	24	43	38	52	1267		SK-1963 Zona X1 (CM-23.5). For Ukraine			
Ukraine-SK63-X_Zona2		26.5	0.0833333333333333	1	2300000	0	24	43	38	52	1267		SK-1963 Zona X2 (CM-26.5). For Ukraine			
Ukraine-SK63-X_Zona3		29.5	0.0833333333333333	1	3300000	0	24	43	38	52	1267		SK-1963 Zona X3 (CM-29.5). For Ukraine			
Ukraine-SK63-X_Zona4		32.5	0.0833333333333333	1	4300000	0	24	43	38	52	1267		SK-1963 Zona X4 (CM-32.5). For Ukraine			
Ukraine-SK63-X_Zona5		35.5	0.0833333333333333	1	5300000	0	24	43	38	52	1267		SK-1963 Zona X5 (CM-35.5). For Ukraine			
Ukraine-SK63-X_Zona6		38.5	0.0833333333333333	1	6300000	0	24	43	38	52	1267		SK-1963 Zona X6 (CM-38.5). For Ukraine			
Ukraine-USK-2000_Zone4		21	0	1	4500000	0	21	42	44	53	Ukraine-USK-2000		Coordinate system for Ukraine, Zone 4 (18-24) - degree zone			
Ukraine-USK-2000_Zone5		27	0	1	5500000	0	21	42	44	53	Ukraine-USK-2000		Coordinate system for Ukraine, Zone 5 (24-30) - degree zone			
Ukraine-USK-2000_Zone6		33	0	1	6500000	0	21	42	44	53	Ukraine-USK-2000		Coordinate system for Ukraine, Zone 6 (30-36) - degree zone			
Ukraine-USK-2000_Zone7		39	0	1	7500000	0	21	42	44	53	Ukraine-USK-2000		Coordinate system for Ukraine, Zone 7 (36-42) - degree zone			
